<?xml version="1.0" encoding="UTF-8"?>
<project-private xmlns="http://www.netbeans.org/ns/project-private/1">
    <editor-bookmarks xmlns="http://www.netbeans.org/ns/editor-bookmarks/2" lastBookmarkId="0"/>
    <open-files xmlns="http://www.netbeans.org/ns/projectui-open-files/2">
        <group>
            <file>file:/C:/Users/Mvuyisi%20Mtwa/Desktop/2021020180%20-%20MTWA%20Mvuyisi/Question%201/Q1/src/RegStudent.java</file>
            <file>file:/C:/Users/Mvuyisi%20Mtwa/Desktop/2021020180%20-%20MTWA%20Mvuyisi/Question%201/Q1/src/IntStudent.java</file>
            <file>file:/C:/Users/Mvuyisi%20Mtwa/Desktop/2021020180%20-%20MTWA%20Mvuyisi/Question%201/Q1/src/TransStudent.java</file>
            <file>file:/C:/Users/Mvuyisi%20Mtwa/Desktop/2021020180%20-%20MTWA%20Mvuyisi/Question%201/Q1/src/Student.java</file>
            <file>file:/C:/Users/Mvuyisi%20Mtwa/Desktop/2021020180%20-%20MTWA%20Mvuyisi/Question%201/Q1/src/RegistrationSystem.java</file>
        </group>
    </open-files>
</project-private>
